{"Auto_Start_Law_Dungeon":false,"Auto_Electric_Claw":false,"Point":1,"Auto_Farm_Chest":false,"Auto_Store_Fruit":false,"Remove_UI_DamageCounter":false,"Auto_Death_Step":false,"Auto_SharkMan_Karate":false,"Infinit_Ability":false,"ESP_Mirage_Island":false,"Auto_Trade_Bone":false,"Auto_Farm_Level":false,"AutoMasterySkill":false,"DistanceAutoFarm":30,"ESP_Chest":false,"Auto_Farm_Bone":false,"Select_Player":"","Auto_God_Human":false,"Auto_Superhuman":false,"Auto_Musketeer_Hat":false,"Auto_Buy_Legendary_Sword":false,"Auto_Quest_Boss":true,"Rejoin":true,"Auto_Cake_Prince":false,"Auto_Kill_Law":false,"AutoBuddySwords":false,"AutoObservation":false,"Notifications_Remove":false,"Auto_Bring_Fruit":false,"DistanceY":5,"Auto_Random_Fruit":false,"EnabledPvP":false,"AutoCavander":false,"Select_Dungeon":false,"Auto_Next_Island":false,"Auto_Evo_Race_V2":false,"Auto_Buy_Devil_Fruit":false,"Auto_Awakening_One_Quest":false,"Auto_Third_World":false,"Kill_Aura":false,"Auto_Pole_V1_Hop":false,"AutoFarmBossHallow":false,"HealthMs":85,"Auto_Elite_Hunter":false,"Dodge_No_CoolDown":false,"Auto_Farm_Fast":true,"Auto_Sea_King":false,"Auto_Rainbow_Haki":false,"Auto_Twin_Hook":false,"Select_Mode":"Chest","Select_Devil_Fruit":"","Auto_Dack_Coat":false,"Auto_Serpent_Bow_Hop":false,"Auto_Factory_Farm":false,"Auto_Twin_Hook_Hop":false,"Auto_Mirage_Island":false,"Auto_Yama":false,"Auto_Buy_Chips_Dungeon":false,"SkillX":true,"Auto_Gear":false,"SelectWeapon":"หมัด/Melee","Auto_Fully_SharkMan_Karate":false,"Auto_Fully_Superhuman":false,"Auto_Dragon_Talon":false,"LockMoon":false,"Select_Island":"","No_clip":false,"Brimob":true,"Auto_Fully_Death_Step":false,"Auto_New_World":false,"Auto_Swan_Glasses_Hop":false,"Distance":30,"AutoObservation_Hop":false,"FastAttack":true,"Auto_Spawn_Cake_Prince":false,"Start_Tween_Island":false,"Auto_Rainbow_Haki_Hop":false,"Auto_Start_Dungeon":false,"SkillV":true,"Auto_Rengoku":false,"Auto_Canvander":false,"SkillC":true,"Auto_Farm_Boss":false,"Auto_Saber_Hop":false,"Auto_Swan_Glasses":false,"Auto_CFrame":true,"Infinit_Range_Observation_Haki":false,"Auto_Farm_Chest_Hop":false,"Auto_Farm_All_Boss":false,"Teleport_to_Player":false,"Auto_Stats":false,"SuperFastAttack":false,"Auto_Holy_Torch":false,"TptoKisuneshrine":false,"Infinit_Inf_Soru":false,"Auto_Awake":false,"Method":"Upper","Auto_Serpent_Bow":false,"Bypass":false,"Auto_Farm_Ectoplasm":false,"Auto_Buy_Enchancement":false,"Select_Boss":"","NeareastFarm":false,"Infinit_Energy":false,"Auto_Buy_Law_Chip":false,"SkillZ":true,"Auto_Set_Spawn":true,"AutoMirageIsland":false,"Infinit_SkyJump":false,"Select_Stats":[],"Spectate_Player":false,"Auto_Elite_Hunter_Hop":false,"Auto_Saber":false,"TptoKisuneIsland":false}